{
    "carros": [
        {
            "id": "1",
            "marca": "gm",
            "modelo": "corsa"
        },
        {
            "id": "2",
            "marca": "ford",
            "modelo": "fiesta"
        },
        {
            "id": "3",
            "marca": "vw",
            "modelo": "fusca"
        },
        {
            "id": "4",
            "marca": "nissan",
            "modelo": "versa"
        },
        {
            "id": "5",
            "marca": "ford",
            "modelo": "fusion"
        },
        {
            "id": "6",
            "marca": "vw",
            "modelo": "tiguan"
        },
        {
            "id": "7",
            "marca": "ford",
            "modelo": "bronco"
        },
        {
            "id": "8",
            "marca": "toyota",
            "modelo": "corola"
        }
    ]
}